Fourth Column,Fifth Column
Ecoli C100ml,"Escherichia coli : 3 Days, 36-38C : Confirmed : in 100 ml"
Turbidity,Turbidity
O Dissolved,"Oxygen, Dissolved : (Laboratory) as O2"
Molybdenm-Mo,Molybdenum
Sample Prep,Sample Preparation
25Dichlrphnl,"2,5-Dichlorophenol"
GCMS S-Vol,GCMS Screen : Semi-Volatile Screen: Semi Quantitative
Fenchlorphos,Fenchlorphos :- {Ronnel}
2-Ethylphenl,2-Ethyl phenol
DDT (OP'),DDT -op
BOD5Dy0.5ATU,BOD : 5 Day (0.5 mg/l ATU)
NFDHA,"Perfluoro-3,6-dioxaheptanoic acid"
Phosphate,Phosphate :- {TIP}
LCMS,LCMS Screen : Semi Quantitative
Clost C-MF,Clostridium perfringens : Confirmed : MF
SI-EC-SW1,Suite Indicator : EC-SW1
OptDens@530F,"Optical Density at 530 nm, Filtered"
Carbon Tet,Carbon tetrachloride :- {Tetrachloromethane}
Visit-NoBott,Site visit only : No sample bottle
Bromobenzene,Bromobenzene
DDE (PP')DWt,DDE -pp : Dry Wt
PCB Con 105,PCB - 105
C>10-24-Aro,"Equiv.Carbon No >10-24, Aromatic Fraction"
Tot DDTs (4),"DDT : Total Isomers (DDT op pp, DDE pp, TDE pp)"
Time,Time
C>24-44 Ali,"Equiv.Carbon No >24-44, Aliphatic Fraction"
Sulphide - S,Sulphide as S
Solids <63um,"Solids, < 63 um"
SI-EC-CD,Suite Indicator : EC-CD
C>10-44 Aro,"Equiv.Carbon No >10-44, Aromatic Fraction"
PhaeophytnAB,Phaeophytin A and B
t12DCEe,"trans-1,2-Dichloroethylene :- {trans-1,2-Dichloroethene}"
PCB Con 118,PCB - 118
BWP - A.B.,Bathing Water Profile : Algal Bloom
P - Dry Wt,Phosphorus : Dry Wt as P
OptDens@630F,"Optical Density at 630 nm, Filtered"
OptDens@700F,"Optical Density at 700 nm, Filtered"
SewOdor Strd,"Obnoxious sewage odours, Strandline : Scale 0-3"
F Coli Pre,"Coliforms, Faecal : Presumptive : MF"
EColi HH2,Escherichia coli : HH2 genetic marker
CanineMitoCN,Mitochrondrial Marker: Canine copy number
Cr - Dry Wt,Chromium : Dry Wt
PFPeS,Perfluoropentanesulfonic acid
BWP - D.M.L.,Bathing Water Profile : Dead Marine Life
Cond - Field,Conductivity : In Situ
TetClEthene,Tetrachloroethylene :- {Perchloroethylene}
Dichlorvos,Dichlorvos
HBCDD,"Hexabromocyclododecane Total: (Sum of a, b, g)"
Acrylamide,Acrylamide
Oil & Grs Vs,"Visible oil or grease, significant trace: Present/Not found (1/0)"
4Cl2Ntoluene,4-Chloro-2-nitrotoluene :- {2-Nitro-4-Chlorotoluene}
Liqcolour-se,Appearance of liquid : Secondary Colour
ColfmF PMF,"Coliforms, Faecal : Presumptive : MF : Wet Wt"
Bac All,Bacteroidetes Marker : All
m-Cresol,3-Methylphenol :- {m-Cresol}
TurbidityNTU,Turbidity
BWP - O.L.,Bathing Water Profile : Other Litter (incl. plastics)
Misc Ident,Miscellaneous Identification
Bac Ruminant,Bacteroidetes Marker : Ruminant : Report
TrCFMethan,Trichlorofluoromethane
11Cl-PF3OUdS,11-chloroeicosafluoro-3-oxaundecane-1-sulfonic acid (F-53B Minor)
"2,3,5,6-TClT","2,3,5,6-Tetrachlorothioanisole"
PBDE 183,"2,2,3,4,4,5,6-Heptabromodiphenyl ether :- {PBDE 183}"
SiO2 Filt,"Silicate, Filtered as SiO2"
OptDens@560F,"Optical Density at 560 nm, Filtered"
OptDens@580F,"Optical Density at 590 nm, Filtered"
Orthophospht,"Orthophosphate, reactive as P"
F+ColiphgPFU,Phage : F+ Coliphage
EndosulphanA,Endosulfan A
TotDepthIn-s,Depth : Total
SewDeb WtrE,"Sewage debris, Waters edge : Scale 0-3"
Pirimicarb,Pirimicarb
Salmonella S,Salmonella : Wet Wt
Sulcotrione,Sulcotrione
Chlorophylls,Chlorophyll a + b
MCPA,MCPA :- {4-Chloro-2-methylphenoxyacetic acid}
Carbon DW,Carbon : Dry Wt as C
Dieldrin,Dieldrin
SeabirdCatCN,Catellicoccus Marker : Seabird Copy Number : Wet Wt
SigCrDNACopy,Signal crayfish (Pacifasticus leniusculus) copy number
Zn BLM Bio,Zinc : BLM Bioavailable
L Cyhalothrn,Lambda-cyhalothrin
Bromide Ion,Bromide
Max Wind Spd,Weather : Wind Speed maximum : Beaufort Scale
Beach Users,Number of beach users
pH Sld Smpl,pH : Solid sample
"Butan1,3Diol","1,3-Butylene glycol :- {Butan-1,3-diol}"
Sn - Dry Wt,Tin : Dry Wt
Ethirimol,Ethirimol
StrepF Conf,Streptococci : Faecal : Confirmed : MF : Wet Wt
CYCLOHEXANON,Cyclohexanone
B. globigii,Bacillus globigii : MF
B-[e]-pyrDWt,Benzo(e)Pyrene : Dry Wt
Nitrite-N,Nitrite as N
pH Inst unit,pH : Instrumental
PC3/37,Colony count : 3 Days at 37C : Aerobic
HCH Alpha,HCH -alpha
NATGRIDREF,National Grid Reference : Whole : Field report
Colfm Conf,"Coliforms, Total : Confirmed : MF : Wet Wt"
Phytoplankto,Phytoplankton
PFecHS,Perfluoro-4-ethylcyclohexanesulfonic acid
I.H.F.@S.,"Intact human faeces, Strandline"
Pig Mito,Mitochondrial Marker : Pig
U - Filtered,"Uranium, Dissolved"
C>10-40 Aro,"Equiv.Carbon No >10-40, Aromatic Fraction"
Salinty in-f,Salinity : In Situ
OptDens@620F,"Optical Density at 620 nm, Filtered"
nButylbenzne,n-ButylBenzene :- {1-Phenylbutane}
Fe - Dry Wt,Iron : Dry Wt
Trifluralin,Trifluralin
TON Leach,"Nitrogen, Total Oxidised, Leachable"
NDPA,N-nitrosodi-n-propylamine
C>25-40,Equiv.Carbon No >25-40
NaphthalnDWt,Naphthalene : Dry Wt
"3,4 Xylenol","3,4-Dimethylphenol :- {3,4-Xylenol}"
C - Organic,"Carbon, Organic, Total as C :- {TOC}"
Mn BLM Bio,Manganese : BLM Bioavailable
TRIALLATE,Tri-allate
MarinAlgOffs,"Marine algae, Offshore"
Isoproturon,Isoproturon
Demeton-s-Me,Demeton-S-methyl sulphone
ACENAPTHEN,Acenaphthene
Zn Std Leach,"Zinc, Leachable"
SanTowlsBtwn,"Sanitary towels, Strandline to waters edge : Scale 0-3"
TertButylbnz,"tert-Butylbenzene :- {(1,1-Dimethylethyl)benzene}"
Propetamphos,Propetamphos
OptDens@470F,"Optical Density at 470 nm, Filtered"
Propoxur,Propoxur
EtBenzene DW,Ethylbenzene : Dry Wt
SI-SHELL,Suite Indicator : SHELL
Flow Tot Dly,Flow : Daily total
PhenolicOdor,Odour : Phenolic
Metazachlor,Metazachlor
Trichloroeth,Trichloroethylene :- {Trichloroethene}
Propazine,Propazine
Cd Filtered,"Cadmium, Dissolved"
HCB DRY WT,Hexachlorobenzene : Dry Wt
Ioxynil,Ioxynil
BW: Plastics,Bathing Water: Plastics
Bifenthrin,Bifenthrin
Dtrgt NncSyn,"Detergents, Non-ionic"
B(k)Flnth DW,Benzo(k)Fluoranthene : Dry Wt
B-[b]-fluora,Benzo(b)Fluoranthene
Beaufort Scl,Weather : Wind Speed : Beaufort Scale
C>10-25,Equiv.Carbon No >10-25
BactHumanCN,Bacteroidetes Marker : Human copy number : Wet Wt
Nitrobenzene,Nitrobenzene
Bicarb HCO3,Bicarbonate as HCO3
OCDswe,"Oil contaminated debris, Strandline to waters edge : 0-3"
Demeton-S,Demeton-S-methyl sulphoxide (Oxydemeton-methyl)
PCB Tot Cong,"PCB : Total Congeners 28, 52, 101.118,138,153,180"
D.M.L.@W.E.,"Dead marine life, Waters edge"
Chlordane-tr,trans-Chlordane
IE Conf,Enterococci: Intestinal: Confirmed: MF
ClPyrphosMe,Chlorpyrifos-methyl
BactHumanCN,Bacteroidetes Marker : Human copy number
Carbon DWt%,Carbon : Dry Wt
Type of Flow,Type of flow as description
GSF <20,Grain Size fraction <20um
Nitrogen - N,"Nitrogen, Total as N"
Flow Int,Flow : Integrator : Gallons X 1000 :- {Cumulative Flow}
12457-2,BS EN 12457-2 one stage 10:1 leach test
Fae Coli PFM,"Coliforms, Faecal : Presumptive : MF"
HFPO-DA,Hexafluoropropylene oxide dimer acid (Gen X)
4Cl3NToluene,4-Chloro-3-nitrotoluene
Buprofezin,Buprofezin
FLUORENE,Fluorene
Grs/Scm Btwn,"Grease /Scum, Strandline to waters edge : Scale 0-3"
PFHxDA,Perfluorohexadecanoic acid
Dibutylphthl,Dibutyl Phthalate
C>35-44,Equiv.Carbon No >35-44
23Dichloropl,"2,3-Dichlorophenol"
Carbaryl,Carbaryl
3+4MePhenol,3+4 Methylphenol : {m- + p- Cresol}
Salinity by,"Salinity, by Bench Salinometer"
ConTampStrd,"Contraceptives/Tampon applicators, Strandline : Scale 0-3"
StrepF PMF,Streptococci : Faecal : Presumptive : MF : Wet Wt
SOLVCOSHH,COSHH Assessment : Solvents
Chlrdn-cs/Z/,cis-Chlordane
Chlorotoluen,Chlorotoluene : Total Isomers (2- 3- 4-)
TOLUENE DW,Toluene : Dry Wt :- {Methylbenzene}
Sld V @ 500C,"Solids, Volatile at 500 C"
Cyanide - CN,Cyanide as CN
Pb - Dry Wt,Lead : Dry Wt
DrySolids30C,Dry Solids at 30 C
As - DWt,Arsenic : Dry Wt
pH leachate,pH of Leachate
Al Active,Active Aluminium : Dissolved
Azobenzene,Azobenzene
C>20-40,Equiv.Carbon No >20-40
Horiz R-bank,Distance horizontal in from right bank
HeptachlrEpx,Heptachlor epoxide
DataHandling,Data Handling
Pollutn Sign,Warning Sign - Short Term Bathing Water Pollution
TCB Tot,"Trichlorobenzene : Total (123-, 124-, 135-)"
WatSportNumb,Number doing water contact sport
Avian Mito,Mitochondrial Marker : Avian
Mn - Dry Wt,Manganese : Dry Wt
Ti - Dry Wt,Titanium : Dry Wt
C>20-30,Equiv.Carbon No >20-30
1MeNaphthaln,1-Methylnaphthalene
C>10-44 Ali,"Equiv.Carbon No >10-44, Aliphatic Fraction"
112TCEthan,"1,1,2-Trichloroethane"
Sb LeachDW,"Antimony, Leachable"
Carbetamide,Carbetamide
Dichlobenil,Dichlobenil
Pichloram,Picloram
DiOctyl Sn,Dioctyl Tin as Cation
OILS UV,"Hydrocarbons, UV Fluorescence : SWAD"
Colfm C-MF,"Coliforms, Total : Confirmed : MF"
PCB Con 052,PCB - 052
"1,3-DCB","1,3-Dichlorobenzene"
13+14DiMeBen,"Dimethylbenzene : Sum of isomers (1,3- 1,4-) : Dry Wt"
PFOS (L),Perfluorooctanesulfonic acid (linear)
PBDE 85,"2,2,3,4,4-Pentabromodiphenyl ether :- {PBDE 85}"
ColourAbnoml,Colour : Abnormal
2-CHLORO-4-N,2-Chloro-4-nitrotoluene
C>24-44 Aro,"Equiv.Carbon No >24-44, Aromatic Fraction"
Ca Filtered,"Calcium, Dissolved"
HTrlTW,Time of sampling relative to previous high water
T.D.L.@S>W,"Terrestrial derived litter, Strandline to waters edge"
SeabirdCatCN,Catellicoccus Marker : Seabird Copy Number
DemetonSMyl,Demeton-S-methyl
"1,1,1,2 -TET","1,1,1,2-Tetrachloroethane"
Level@Smpl T,Borehole : Water level at sample time
4 -ISO-PROPY,4-Isopropyltoluene :- {4-methyl-Isopropylbenzene}
Sn- Filtered,"Tin, Dissolved"
C>20-44 Aro,"Equiv.Carbon No >20-44, Aromatic Fraction"
PCB Con 020,PCB - 020
PhennthrnDWt,Phenanthrene : Dry Wt
Ba LeachDW,"Barium, Leachable : Dry Wt"
RedxPot in-s,Redox Potential : In Situ
135TriMeBenz,"1,3,5-Trimethylbenzene :- {Mesitylene}"
C>24-40 Ali,"Equiv.Carbon No >24-40, Aliphatic Fraction"
C>10-12 Arom,"Equiv.Carbon No >10-12, Aromatic Fraction"
"2,6-DCP","2,6-Dichlorophenol"
Cd - Dry Wt,Cadmium : Dry Wt
11DClEthan,"1,1-Dichloroethane"
Cols 1Dy@37C,Colony count : 1 Day at 37C : Aerobic
DtrgtAncSyn,"Detergents, Anionic"
Isodrin,Isodrin
Methane -CH4,Methane as CH4
Methomyl,Methomyl
PCB 28 DW,PCB - 028 : Dry Wt
C>10-20 Aro,"Equiv.Carbon No >10-20, Aromatic Fraction"
Fenoprop,Fenoprop
Weth7Dy-Temp,Weather : Temperature : Past 7 days
b2ClEtEther,Bis(2-chloroethyl)ether
Monuron,Monuron
TAME,tert-Amyl methyl ether :- {TAME}
Naphthalene,Naphthalene
B-[e]-pyrene,Benzo(e)Pyrene
Al- Filtered,"Aluminium, Dissolved"
A.F.@W.E.,"Animal faeces, Waters edge"
Methoxychlor,Methoxychlor
2NAniline,2-Nitroaniline
N-Kjeldahl,"Nitrogen, Kjeldahl as N"
Linuron,Linuron
HcarbonsFilt,Hydrocarbons : Dissolved or emulsified
Oxamyl,Oxamyl
MCPB,MCPB :- {4-Chloro-2-methylphenoxybutyric acid}
Dibenz[ah]an,"Dibenzo(a,h)Anthracene"
Hexaconazole,Hexaconazole
4Chlorotolun,4-Chlorotoluene :- {1-Chloro-4-methylbenzene}
StrepF C-MPN,Streptococci : Faecal : Confirmed : MPN : Wet Wt
SDiscm,Secchi depth
Demeton Tot,"Demetons : Sum of (-S Me Sox, S, -O Me, -S Me, -S Me Sone)"
AvianMito CN,Mitochondrial Marker : Avian copy number
Ca:Mg Ratio,Calcium : Magnesium ratio
ConTamp,Contraceptives/Tampon applicators
DOC Leach,"Carbon, Organic, Dissolved, Leachable as C :- {DOC}"
PFoctncAcid,Perfluorooctanoic acid
Alky Instrum,Alkalinity : Instrumental
Wind Speed,Weather : Wind Speed
Salinity,Salinity
OptDens@610F,"Optical Density at 610 nm, Filtered"
Transpcy Vis,"Transparency, visual, Non Secchi"
N Inorganic,"Nitrogen, Total Inorganic : (Calculated)"
o-Cresol,2-Methylphenol :- {o-Cresol}
Salm C-MPN,Salmonella : Confirmed : MPN
OptDens@520F,"Optical Density at 520 nm, Filtered"
N Oxd DWt,"Nitrogen, Total Oxidised : Dry Wt as N"
C>25-40 Aro,"Equiv.Carbon No >25-40, Aromatic Fraction"
F Leach DW,"Fluoride, Leachable : Dry Wt"
Benazolin,Benazolin
B-[ghi]-pery,"Benzo(g,h,i)Perylene"
EthylAcetate,Ethyl acetate :- {Ethyl Ethanoate}
GS Kurtosis,Grain Size Inclusive Kurtosis
Ba Leach,"Barium, Leachable"
AvianMito CN,Mitochondrial Marker : Avian copy number : Wet Wt
OptDens@800F,"Optical Density at 800 nm, Filtered"
"1,3 -DICHLOR","trans-1,3-Dichloropropylene :- {trans-1,3-Dichloropropene}"
4ClPhenol,4-Chlorophenol
Cr Hexavalnt,Chromium Hexavalent
5:3 FTCA,"2H,2H,3H,3H-Perfluorooctanoic acid"
"2,3,5,6 TETR","2,3,5,6-Tetrachlorophenol"
PCB Con 31,PCB - 031
OptDens@460F,"Optical Density at 460 nm, Filtered"
Trihalomethn,Trihalomethanes : Total :- {THM}
Sb DISS,"Antimony, Dissolved"
Mo - Dry Wt,Molybdenum : Dry Wt
Mineral Oils,Mineral Oil
K - Dry Wt,Potassium : Dry Wt
Nitrogen DWt,Nitrogen : Dry Wt as N
3:3 FTCA,3:3 Fluorotelomer carboxylic acid
O+T@W.E.,"Oil and Tar, Waters edge"
Acrb-slphn,Aldoxycarb :- {Aldicarb Sulfone}
E.coli PMF,Escherichia coli : Presumptive : MF
HCBD DRY,Hexachlorobutadiene : Dry Wt
PFDS,Perfluorodecanesulfonic acid
StrepF C-MPN,Streptococci : Faecal : Confirmed : MPN
IE Pres,Enterococci: Intestinal: Presumptive: MF
Amonia-N DWt,Ammoniacal Nitrogen : Dry Wt as N
Bromide,Bromide
CHT Cation,Cyclohexyl Tin as Cation
PirimiphsEth,Pirimiphos-ethyl
O Xylene DW,"1,2-Dimethylbenzene : Dry Wt :- {o-Xylene}"
Barium - Ba,Barium
High Water,High water
DDT (OP')DWt,DDT -op : Dry Wt
Cols 5Dy@22C,Colony count : 5 Days at 22C : Aerobic
Ecoli P-MPNB,Escherichia coli : Presumptive : MPN
Weth7Dy-Prec,Weather : Precipitation : Past 7 days
PCB Con 156,PCB - 156
c-Hept Epox,cis-Heptachlor epoxide
Solid quanty,Appearance of solid : Quantity
PhenolsMH DW,Phenols : Monohydric : Dry Wt
SerratiaPhge,Serratia Phage tracer
Co- Filtered,"Cobalt, Dissolved"
Permethrn-Tr,trans-Permethrin
CN Free,Cyanide : Free as CN
Salmonella,Salmonella: in 1 Litre
MST Filter,MST Filtration
"1,2,4-TCB","1,2,4-Trichlorobenzene"
"2,4,6-T","2,4,6-Trichlorophenol"
DiClMe,Dichloromethane :- {Methylene Dichloride}
2Phenoxyprop,2-Phenoxypropionic acid :- {PPA}
PHENMEDIPHAM,Phenmedipham
B Leach,"Boron, Leachable"
D.M.L.@S.,"Dead marine life, Strandline"
Be DISS,"Beryllium, Dissolved"
PFUnDS,Perfluoroundecane sulfonic acid
14Dichlrbnzn,"1,4-Dichlorobenzene"
CHLOROPHYLL,Chlorophyll : Acetone Extract
SewDeb Strd,"Sewage debris, Strandline : Scale 0-3"
S Bifidobact,Bifidobacterium : Sorbitol Fermenters
Atrazine,Atrazine
Mo LeachDW,"Molybdenum, Leachable : Dry Wt"
4Chloroaniln,4-Chloroaniline :- {4-Chlorobenzamine}
PCB total DW,"PCB: Total (28,52,101,118,138,153,180): Dry Wt"
C>10-44,Equiv.Carbon No >10-44
Potassium- K,Potassium
O+T@S.,"Oil and Tar, Strandline"
ChlorophyllB,Chlorophyll b
12DCPa,"1,2-Dichloropropane"
State tide,State of tide
GSF 2k-4k,Grain Size Fraction : 2000 to 4000 microns
PBDE 28,"2,4,4-TriBromoDiphenylEther"
Dtgt Cat BAC,"Detergents, Cationic as Benzalkonium Chloride"
C>16-35,Equiv.Carbon No >16-35
OrthophsFilt,"Orthophosphate, Dissolved"
Tecnazene+M,Tecnazene and its metabolites
Nitrate Filt,"Nitrate, Filtered as N"
MPhT Cation,Monophenyl Tin as Cation
Chloridazon,Chloridazon
b2CliPrEther,Bis(2chloroisopropyl) ether
HxClEthane,Hexachloroethane
C>20-30 Ali,"Equiv.Carbon No >20-30, Aliphatic Fraction"
Sr - Dry Wt,Strontium : Dry Wt
SunshineCode,Weather : Sunshine : Coded
BenAlcohol,Benzyl Alcohol
DiMeformamid,Dimethyl formamide :- {DMF}
SanTowlsWtre,"Sanitary towels, Waters edge : Scale 0-3"
StrepF C-MF,Streptococci : Faecal : Confirmed : MF
PCB Con 180,PCB - 180
Vol Filtered,Volume of Sample Filtered
F Leach24,"Fluoride, Leachable"
HeptachlrDWt,Heptachlor : Dry Wt
DIMETHYLPHTH,Dimethyl phthalate
eDNA Filt,Environmental DNA Filtration
PBDE 66,"2,3,4,4-Tetrabromodiphenyl ether :- {PBDE 66}"
PBDE 99,"2,2,4,4,5-Pentabromodiphenyl ether :- {PBDE 99}"
Colour,Colour
Se- Filtered,"Selenium, Dissolved"
"2,4-D ioe","2,4-D Iso Octyl Ester"
TriethylnGly,Triethylene Glycol
C>24-40,Equiv.Carbon No >24-40
"1,2-DCB","1,2-Dichlorobenzene"
Propyzamide,Propyzamide
Cond @ 20C,Conductivity at 20 C
Bendiocarb,Bendiocarb
PCB 128,PCB - 128
C>10-20 Ali,"Equiv.Carbon No >10-20, Aliphatic Fraction"
PBDE 47,"2,2,4,4-Tetrabromodiphenyl ether :- {PBDE 47}"
Chloroprophm,Chlorpropham
Colour (1/0),Colour (1/0)
Toluene,Toluene :- {Methylbenzene}
Flow m3/s,"Flow, instantaneous"
"2,4-Xylenol","2,4-Dimethylphenol :- {2,4-Xylenol}"
UVFailLamp,UV : Failed lamps
Cl2 Free,Chlorine Free as Cl2
FlowRate Max,"Flow, maximum"
Pyrene DWt,Pyrene : Dry Wt
"Butan1,4Diol","1,4-Butylene glycol :- {Butan-1,4-diol}"
Ethenylbenzn,Styrene :- {Vinylbenzene}
GSF 1k- 2k,Grain Size Fraction : 1000 to 2000 microns
Site Number,Site number
Trietazine,Trietazine
EC0157-100ml,"Escherichia coli, O157 : per 100 ml"
Cattle Mito,Mitochondrial Marker : Cattle
Water Depth,Water Depth
Bac All,Bacteroidetes Marker : All : Report
PFdecncAcid,Perfluorodecanoic acid
FluorthneDWt,Fluoranthene : Dry Wt
PCB 170 DW,PCB - 170 : Dry Wt
Wind Degrees,Weather : Wind Direction : Degrees
ClostS-R PMF,Clostridium : Sulphite reducing : Presumptive : MF
Colour,Sample Colour
"1,3,5-TCB","1,3,5-Trichlorobenzene"
"1,2,3-Trimet","1,2,3-Trimethylbenzene"
Ni - M7DyEm,Nickel : Total moving 7 day emissions
ChlorthalDiM,Chlorthal Dimethyl
Aldrin,Aldrin
Aluminium-Al,Aluminium
C>35-44 Alip,"Equiv.Carbon No >35-44, Aliphatic Fraction"
7:3 FTCA,3-Perfluoroheptylpropanoic acid
SulcofuronNa,Sulcofuron
PFHxS-B,Perfluorohexanesulfonic acid (B)
pH in-situ,pH : In Situ
Chlortoluron,Chlorotoluron
PO4 Leach,"Orthophosphate, Leachable"
Bathers/Km,Bathers per kilometre
D.M.L.@S>W,"Dead marine life, Strandline to waters edge"
12NBenzene,"1,2-Dinitrobenzene"
Aclonifen,Aclonifen
9Cl-PF3ONS,9-chlorohexadecafluoro-3-oxanonane-1-sulfonic acid
13NBenzene,"1,3-Dinitrobenzene"
Chrysene DWt,Chrysene : Dry Wt
GSF 125-249,Grain Size Fraction : 125 to 249 microns
PFundencAcid,Perfluoroundecanoic acid
Time Hi-Tide,Time of high tide
OptDens@480F,"Optical Density at 480 nm, Filtered"
Phaeophytn-B,Phaeophytin B
Cr LeachDW,"Chromium, Leachable"
Solids @105C,Residual mass: after drying at 105 C
NH4+FieldDet,Ammonium : In Situ as NH4
NoxSwgeOdors,Obnoxious sewage odours
Cloud Cover,Weather : Cloud Cover
SewDeb Btwn,"Sewage debris, Strandline to waters edge : Scale 0-3"
GSF32-63,Grain Size Fraction : 32 to 63 microns
PCB Con 138,PCB - 138
ColformsPre,"Coliforms, Total : Presumptive : MF"
AzinphsEthyl,Azinphos-ethyl
Sld V @480C,"Solids, Volatile at 480 C"
C>10-20,Equiv.Carbon No >10-20
StrepF,Streptococci : Faecal : Colony identification
Salm MPN,Salmonella: Enumeration : MPN : Wet Wt
TDE (PP')DWt,TDE -pp : Dry Wt
P - Filtered,"Phosphorus, Dissolved"
B-(a)-anthra,Benzo(a)Anthracene
GSF4000-7999,Grain Size : 4000 to 7999 microns
2Chlorophenl,2-Chlorophenol
Horse Bact,Bacteroidetes Marker : Horse
CHLOR A,Chlorophyll : Methanol Extract
Nitrite Filt,"Nitrite, Filtered as N"
TriBT Cation,Tributyl Tin as Cation
Anthracene,Anthracene
TETRACHLOROE,Tetrachloroethane
BWP - O+T,Bathing Water Profile : Oil and Tar
OptDens@670F,"Optical Density at 670 nm, Filtered"
DOC Lch DW,"Carbon, Organic, Dissolved, Leachable : Dry Wt as C"
"2,4-D ibe","2,4-D Iso Butyl Ester"
No of dogs,Number of dogs
Flucofuron,Flucofuron
BacHF183,Bacteroides HF183 primer
N Dis Inorg,"Nitrogen, Dissolved Inorganic : as N"
4-Methyl Pen,Methyl-iso-Butyl-Ketone :- {4-Methylpentan-2-one}
PCB Con 101,PCB - 101
"3,5-Xylenol","3,5-Dimethylphenol :- {3,5-Xylenol}"
Turbdty in-s,Turbidity : In Situ
DEHP,Di(2-ethylhexyl) phthalate :- {DEHP}
C>30-40 Aro,"Equiv.Carbon No >30-40, Aromatic Fraction"
C>20-40 Aro,"Equiv.Carbon No >20-40, Aromatic Fraction"
ColfmF C-MF,"Coliforms, Faecal : Confirmed : MF"
"2,4-D e e","2,4-D Ethyl Ester"
PAH Total DW,PAH Total: Dry Wt
Al - Dry Wt,Aluminium : Dry Wt
Zn- Filtered,"Zinc, Dissolved"
DiClBenzPhWW,Dichlorobenzophenone
TarryResidus,Tarry residues
C>10-25 Aro,"Equiv.Carbon No >10-25, Aromatic Fraction"
OptDens@510F,"Optical Density at 510 nm, Filtered"
ClpyrifosEt,Chlorpyrifos-ethyl
Fluoroxypyr,Fluroxypyr
Fluoride Dis,"Fluoride, Dissolved"
Pest EC-SW,Pesticides : Total (EC-SW)
ACRYLONITRIL,Acrylonitrile
Monolinuron,Monolinuron
SO4dis,"Sulphate, Dissolved as SO4"
Beach Sign,Beach signage confirmation
Endrin DryWt,Endrin : Dry Wt
"2,4-D m e","2,4-D Methyl Ester"
PFTrDA,Perfluorotridecanoic acid
Colfm Conf,"Coliforms, Total : Confirmed : MPN : Wet Wt"
PCB 105 DW,PCB - 105 : Dry Wt
4BrPhPhEther,4-Bromophenyl phenyl ether
Tot HCHs ABG,"HCH : Total (Alpha, Beta, Gamma)"
"1,2,3-TCB","1,2,3-Trichlorobenzene"
SeaWaves 1-6,State of sea : Measurement of waves Scale 0-6
E.coli PMF,Escherichia coli : Presumptive : MF : Wet Wt
Carbofuran,Carbofuran
ODOUR 10xDF,Odour : 10x Dilution Factor
OptDens@570F,"Optical Density at 570 nm, Filtered"
GSF 500-999,Grain Size Fraction : 500 to 999 microns
AmmoniaNoIo%,Ammonia un-ionised : % of Total
PFheptncAcid,Perfluoroheptanoic acid
"2,4-D ipe","2,4-D Iso Propyl Ester"
Cobalt - Co,Cobalt
Hdnss Mg,"Hardness, Magnesium"
ATRZ-ETHYL,Atrazine-desethyl :- {Atrazine-de-ethyl}
AIR TEMP,Weather : Temperature of Air
m-p-Xylene,"Dimethylbenzene : Sum of isomers (1,3- 1,4-)"
"1,2,4-Trimet","1,2,4-Trimethylbenzene"
Cols 3Dy@22C,Colony count : 3 Days at 22C : Aerobic
Omethoate,Omethoate
PhenolsSWAD,Phenols : Total (Seven compounds) : SWAD
Xylene Tot,"Dimethylbenzene : Sum of (1,2- 1,3- 1,4-) :- {Xylene}"
Hours of Sun,Weather : Hours of sunshine
Chlormequat,Chlormequat
nPropylbenzn,n-Propylbenzene :- {1-Phenylpropane}
Matrix,Sample Matrix
C>10-40 Ali,"Equiv.Carbon No >10-40, Aliphatic Fraction"
Alachlor,Alachlor
Acenapthylen,Acenaphthylene
N Oxidised,"Nitrogen, Total Oxidised as N"
Sld Filt@105,"Solids, Dissolved at 105 C"
PentchlrpDWt,Pentachlorophenol : Dry Wt
Cols 7Dy@22C,Colony count : 7 Days at 22C : Aerobic
Chrysene,Chrysene
ATRZ-ISOPR,Atrazine-desisopropyl :- {Atrazine de-isopropyl}
C>20-40 Ali,"Equiv.Carbon No >20-40, Aliphatic Fraction"
ALK.0.45um,"Alkalinity, Dissolved as CaCO3"
Cd Std Leach,"Cadmium, Leachable"
Cl Leach,"Chloride, Leachable"
o-Xylene,"1,2-Dimethylbenzene :- {o-Xylene}"
pH,pH
PCB 126,PCB - 126
I.H.F.@S>W,"Intact human faeces, Strandline to waters edge"
Ba- Filtered,"Barium, Dissolved"
PCB 118 DW,PCB - 118 : Dry Wt
MetsulfrnMyl,Metsulfuron-methyl
B - Dry Wt,Boron : Dry Wt
Chloride DWt,Chloride : Dry Wt
Cr- Filtered,"Chromium, Dissolved"
Alk-Gran,Alkalinity to pH 4.5 : Grans Plot
OCDwte,"Oil contaminated debris, Waters edge : Scale 0-3"
O Diss %sat,"Oxygen, Dissolved, % Saturation"
ColfmF MF10,"Coliforms, Faecal : MF : Analysis in 10 Hours"
COPA,COPA
UVRecDose,UV : Received dose
Temp Dry Blb,Weather : Temperature Dry Bulb
PBDE 100,"2,2,4,4,6-Pentabromodiphenyl ether :- {PBDE 100}"
A.B.@S>W,"Algal bloom, Strandline to waters edge"
C>21-35 Arom,"Equiv.Carbon No >21-35, Aromatic Fraction"
Ethylbenzene,Ethylbenzene
GSF 62.5-124,Grain Size Fraction : 62.5 to 124 microns
245-T,"2,4,5-T :- {2,4,5-Trichlorophenoxyacetic acid}"
Lithium DWt,Lithium : Dry Wt
HCH Gamma,HCH -gamma :- {Lindane}
C>21-35,Equiv.Carbon No >21-35
Legionella,Legionella
Sulphate SO4,Sulphate as SO4
Clopyralid,Clopyralid
N - % DWt,Nitrogen : Dry Wt % as N
PCB 101 DW,PCB - 101 : Dry Wt
C>10-16,Equiv.Carbon No >10-16
As-Filtered,"Arsenic, Dissolved"
EndosulphanB,Endosulfan B
MeFOSAA-B,2-(N-Methylperfluorooctanesulfonamido)acetic acid (B)
4-CAA,4-Chlorophenoxyacetic acid
BacCF128,Bacteroides CF128 primer
Ni- Filtered,"Nickel, Dissolved"
Calcium - Ca,Calcium
BOD ATU,BOD : 5 Day ATU
Sort Coeff,Sorting Coefficient
Permethrn-cs,cis-Permethrin
WethTdy 1-6,Weather : Scale 1-6
F+II/IIIphag,Phage : F+ Type II/III Bacteriophage
Tellurium,Tellurium
C>12-16 Alip,"Equiv.Carbon No >12-16, Aliphatic Fraction"
Number Birds,Number of birds
Leach Method,Leaching Method Used
Triclopyr,Triclopyr
24Dichloropl,"2,4-Dichlorophenol"
Zn LeachDW,"Zinc, Leachable"
"2,3-Xylenol","2,3-Dimethylphenol :- {2,3-Xylenol}"
"2,4-D be","2,4-D Butyl Ester"
Tecnazene,Tecnazene
C>35-40 Aro,"Equiv.Carbon No >35-40, Aromatic Fraction"
SeaColour cf,Sea Colour : compared to normal
Flow Instant,"Flow, instantaneous"
Co - Dry Wt,Cobalt : Dry Wt
PFNS,Perfluorononanesulfonic acid
HeptachlrEpx,Heptachlor epoxide (cis- and trans-)
Cr Std Leach,"Chromium, Leachable"
ParathionMyl,Parathion-methyl
Chlorothalnl,Chlorothalonil
PHENOL LCH D,"Phenols, Leachable : Dry Wt as Phenol"
Fenpropimrph,Fenpropimorph
TDE (PP),TDE -pp
PCB Con 077,PCB - 077
Iodofenphos,Iodofenphos
Phenols Mono,Phenols : Monohydric as Phenol
PFBS,Perfluorobutanesulfonic acid
C>24-44,Equiv.Carbon No >24-44
PFHxS-L,Perfluorohexanesulfonic acid (L)
Grs/Scm WtrE,"Grease /Scum, Waters edge : Scale 0-3"
Na Leach,"Sodium, Leachable"
Iodide Ion,Iodide
Photo Taken,Photo Taken: Yes/No (1/0)
OptDens@490F,"Optical Density at 490 nm, Filtered"
Salm 1 litre,Salmonella : in 1 Litre
DDT (PP),DDT -pp
PCB 128 DW,PCB - 128 : Dry Wt
GS Mean,Grain Size Mean
Zinc - as Zn,Zinc
Bathers 100m,Bathers per 100 m
C6-10 DW,Equiv.Carbon No 6-10 : (Petrol Range) : Dry Wt
Hg LeachDW,"Mercury, Leachable"
SI-LIST2X,Suite Indicator : LIST2X
Azinphos Myl,Azinphos-methyl
OilTypeQual,Oil Type : Qualitative
CplagDNAP:NF,Crayfish plague (Aphanomyces astaci) DNA: Present/Not found
Chlorophyl-A,Chlorophyll a
Chlorobenzen,Chlorobenzene
BacHF183,Bacteroides HF183 primer : Report
C>12-16 Arom,"Equiv.Carbon No >12-16, Aromatic Fraction"
NH3 un-ion,Ammonia un-ionised as N
Hg - Partic,"Mercury, Particulate"
ClostS-R MF,Clostridium : Sulphite reducing : MF : Wet Wt
Chloride Ion,Chloride
PFMOPrA,Perfluoro-3-methoxypropanoic acid
"2,4-D","2,4-D :- {2,4-Dichlorophenoxyacetic acid}"
ETHOFUMESATE,Ethofumesate
Strontium-Sr,Strontium
OrganoHalogn,Organo Halogens : Total
OptDens@450F,"Optical Density at 450 nm, Filtered"
Tot Drins(4),"Drins : Total (Aldrin, Dieldrin, Endrin, Isodrin)"
BOD  5 Day-O,BOD : 5 Day
O Diss% Satn,"Oxygen, Dissolved, % Saturation : (Laboratory)"
Clost P-MF,Clostridium perfringens : Presumptive : MF
T.D.L.@W.E.,"Terrestrial derived litter, Waters edge"
ICP-MS Semiq,ICP-MS : Metals screen : Semi-quantitative
Diazinon,Diazinon
Carbendazim,Carbendazim
Chloromethan,Chloromethane :- {Methyl Chloride}
Fenitrothion,Fenitrothion
Dichlorprop,"Dichlorprop :- {2,4-DP}"
OptDens@650F,"Optical Density at 650 nm, Filtered"
Cypermeth ID,Cypermethrin Identification
GSF >8000,Grain Size Fraction >8000um
Phaeophytn-A,Phaeophytin A
C>25-40 Ali,"Equiv.Carbon No >25-40, Aliphatic Fraction"
Temp Water,Temperature of Water
EtFOSAA-L,2-(N-Ethylperfluorooctanesulfonamido)acetic acid (L)
OptDens@540F,"Optical Density at 540 nm, Filtered"
PFpentncAcid,Perfluoropentanoic acid
C>10-40,Equiv.Carbon No >10-40
B-[a]-pyrene,Benzo(a)Pyrene
TDE (OP),TDE -op
HorseBact CN,Bacteroidetes Marker : Horse Copy Number
HHM Ident.,Identity of hand held meter
ColourChange,Colour change
Conductivity,Conductivity : Solid sample
NO2 N DW,Nitrite : Dry Wt as N
Ba - Dry Wt,Barium : Dry Wt
UVAppDose,UV : Applied dose
Permthrn c+t,Permethrin (cis- and trans-)
22DCPropan,"2,2-Dichloropropane"
Manganse-Mn,Manganese
Psud-a PMF,Pseudomonas aeruginosa : Presumptive : MF
Simazine,Simazine
SewOdor Btwn,"Obnoxious sewage odours, Strandline to waters edge : Scale 0-3"
11DiClPropen,"1,1-Dichloropropylene :- {1,1-Dichloropropene}"
Phenanthrene,Phenanthrene
PYRENE,Pyrene
C>12-16,Equiv.Carbon No >12-16
C>20-44,Equiv.Carbon No >20-44
AcenphthnDWt,Acenaphthene : Dry Wt
ColfmF PMF,"Coliforms, Faecal : Presumptive : MF"
OptDens@750F,"Optical Density at 750 nm, Filtered"
Fe- Filt,"Iron, Dissolved"
SheepMito CN,Mitochondrial Marker : Sheep copy number
3Chlorotolun,3-Chlorotoluene :- {3-Chloromethylbenzene}
"2,4-DB","2,4-DB :- {4-(2,4-dichlorophenoxy)butyric acid}"
Cu Filtered,"Copper, Dissolved"
Heptachlor,Heptachlor
Bromoform,Bromoform :- {Tribromomethane}
Bromate,Bromate
Pb BLM Bio,Lead : BLM Bioavailable
HCH Beta,HCH -beta
DBT Cation,Dibutyl Tin as Cation
Enterovirus,Enterovirus
123TriClProp,"1,2,3-Trichloropropane"
pFoctanoate,Perfluorooctanoate anion
Legionel ID,Legionella ID
Pendimethaln,Pendimethalin
Triazophos,Triazophos
T Bifidobact,Bifidobacterium : Total
Parathion,Parathion-ethyl :- {Parathion}
SI-EC-SW3,Suite Indicator : EC-SW3
N Digested,"Nitrogen, Digested as N"
Phenol Odour,Phenolic Odour
EC0157 /L,"Escherichia coli, O157 : per Litre"
cHeptClEpxDW,cis-Heptachlor epoxide : Dry Wt
Carbophenthn,Carbophenothion
PCB Con 028,PCB - 028
PV N/80 4Hrs,Permanganate Value N/80 4 Hours
TetPTtin Cat,Tetraphenyl Tin as Cation
Lead - as Pb,Lead
"2,5-Xylenol","2,5-Dimethylphenol :- {2,5-Xylenol}"
Sample Depth,Sample Depth below surface
Fenuron,Fenuron
"2,4-D bge","2,4-D Glycol Butyl Ester"
Prep: DNA,Preparation: DNA
As Std Leach,"Arsenic, Leachable"
C>30-40 Ali,"Equiv.Carbon No >30-40, Aliphatic Fraction"
MonOctylSn,Monooctyl Tin as Cation
LIGHT EXT.,Light extinction Coefficient
Bromoxynil,Bromoxynil
SewOdor WtrE,"Obnoxious sewage odours, Waters edge : Scale 0-3"
EtFOSAA-B,2-(N-Ethylperfluorooctanesulfonamido)acetic acid (B)
Zn - Dry Wt,Zinc : Dry Wt
Carbon diS,Carbon Disulphide
IonicBalance,Ionic Balance
Cl DW leach,"Chloride, Leachable : Dry Wt"
Grease/Scum,Grease /Scum
"1,1-Dichloro","1,1-Dichloroethylene :- {1,1-Dichloroethene}"
IsoPropylBen,Isopropylbenzene :- {Methylethylbenzene}
Pb Filtered,"Lead, Dissolved"
4ClPhPhEther,4-Chlorophenyl phenyl ether
CplagDNACopy,Crayfish plague (Aphanomyces astaci) DNA copy number
F+IV phage,Phage : F+ Type IV Bacteriophage
2ClNaphthaln,2-Chloronapthalene
Chlorfenvphs,Chlorfenvinphos
Ni Std Leach,"Nickel, Leachable"
I.H.F.@W.E.,"Intact human faeces, Waters edge"
Ca - Dry Wt,Calcium : Dry Wt
SULPHIDE DW,Sulphide : Dry Wt
"1,2,4-TCB","1,2,4-Trichlorobenzene : Dry Wt"
Na- Filtered,"Sodium, Dissolved"
Hg - Dry Wt,Mercury : Dry Wt
ChlorophyllA,Chlorophyll a : HPLC
Fenthion,Fenthion
Lithium Filt,"Lithium, Dissolved"
C>10-40 DW,Equiv.Carbon No >10-40 : Dry Wt
AmmUnionSal,Ammonia Unionised : Saline as N
TRP,Tryptophan
t-Hept Epox,trans-Heptachlor epoxide
C>10-12 Alip,"Equiv.Carbon No >10-12, Aliphatic Fraction"
Clost per-MF,Clostridium perfringens : Confirmed : MF : Wet Wt
C - Org Filt,"Carbon, Organic, Dissolved as C :- {DOC}"
DDE (PP'),DDE -pp
Cyanazine,Cyanazine
FOSA,Perfluorooctanesulfonamide
245Trichlphl,"2,4,5-Trichlorophenol"
DiEtPHTHALAT,Diethyl Phthalate
Coumaphos,Coumaphos
Cyfluthrin,Cyfluthrin
OCDsln,"Oil contaminated debris, Strandline : Scale 0-3"
Acrb-slphx,Aldicarb sulfoxide
OptDens@600F,"Optical Density at 600 nm, Filtered"
HydrogenDWT%,Hydrogen : Dry Wt %
Rejected,Rejected Matter Description
CoroneneDW,Coronene : Dry Wt
Chloride Fld,Chloride : In Situ
StrepF PMPN,Streptococci : Faecal : Presumptive : MPN
Dimethoate,Dimethoate
Hdnss Ca,"Hardness, Calcium"
Ethion,Ethion
PAHs,PAH : Total :- {Polynuclear Aromatic Hydrocarbons}
Perylene,Perylene
Iprodione,Iprodione
Bac Ruminant,Bacteroidetes Marker : Ruminant
Bact All CN,Bacteroidetes marker: All copy number
TitaniumFilt,"Titanium, Filtered"
C>10-24 Ali,"Equiv.Carbon No >10-24, Aliphatic Fraction"
C>16-21,Equiv.Carbon No >16-21
PigMito CN,Mitochondrial Marker : Pig copy number
SanitryTowls,Sanitary towels
Fae Coli CFM,"Coliforms, Faecal : Confirmed : MF"
PCB Con 170,PCB - 170
PFOS,Perfluorooctylsulphonate anion
Add. Matter,Additional Material Present
Colfrm Conf,"Coliforms, Total : Confirmed"
Tl - Dry Wt,Thallium : Dry Wt
N-MeFOSA,N-methylperfluorooctanesulfonamide
SeabirdCatel,Catellicoccus Marker : Seabird
Chloroxuran,Chloroxuron
2MeNaphthaln,2-Methylnaphthalene
GCMS LL sVol,GCMS Scan : Semi-Volatile Screen
Vinclozolin,Vinclozolin
C>35-40 Ali,"Equiv.Carbon No >35-40, Aliphatic Fraction"
C>16-35 Aro,"Equiv.Carbon No >16-35, Aromatic Fraction"
ptOctylPheno,4-tert-Octylphenol :- {p-tert-Octylphenol}
Flow MeanDly,Flow : Daily mean
OptDens@640F,"Optical Density at 640 nm, Filtered"
Boron - as B,Boron
12-DCA,"1,2-Dichloroethane"
PFHpS,Perfluoroheptanesulfonic acid
B-[ghi]-pDWt,"Benzo(g,h,i)Perylene : Dry Wt"
PBDE 153,"2,2,4,4,5,5-Hexabromodiphenyl ether :- {PBDE 153}"
A.F. @ S.,"Animal faeces, Strandline"
DBNZAH_DRY,"Dibenzo(a,h)Anthracene : Dry Wt"
Biphenyl,Biphenyl
Ag- Filtered,"Silver, Dissolved"
GSF3.9-7.79,Grain Size Fraction : 3.9 to 7.79 microns
MST Report,Microbial Source Tracking
B-(a)-antDWt,Benzo(a)Anthracene : Dry Wt
Bifenox,Bifenox
"1,2 -DIBROMO","1,2-Dibromo-3-chloropropane"
HptchlEpxDWt,Heptachlor epoxide : Dry Wt
"2,3,6-TBA","2,3,6-TBA :- {2,3,6-Trichlorobenzoic acid}"
MeFOSAA-L,2-(N-Methylperfluorooctanesulfonamido)acetic acid (L)
2-CHLORO-6-N,2-Chloro-6-nitrotoluene
UVDisAv,UV : Display available
Uranium - U,Uranium
Cu LeachDW,"Copper, Leachable"
Metaldehyde,Metaldehyde
NO FLOW/SAMP,No flow /No sample
C>35-40,Equiv.Carbon No >35-40
"1,3,5TCB D","1,3,5-Trichlorobenzene : Dry Wt"
Tot Coli CMF,"Coliforms, Total : Confirmed : MF"
Ni - Dry Wt,Nickel : Dry Wt
E.coli C-MF,Escherichia coli : Confirmed : MF
Tralkoxydim,Tralkoxydim
Mean MhyFlow,Flow : Monthly mean
As LeachDW,"Arsenic, Leachable"
Amoxicillin,Amoxicillin
OptDens@660F,"Optical Density at 660 nm, Filtered"
DnOcPhthalte,Di-n-octylphthalate
Aldicarb,Aldicarb
3Chlorophenl,3-Chlorophenol
V - Filtered,"Vanadium, Dissolved"
Diuron,Diuron
SI-E,Suite Indicator : E
RedoxPotEHmv,Redox Potential
COD as O2,Chemical Oxygen Demand :- {COD}
Copper - Cu,Copper
SiO2 Rv,"Silica, reactive as SiO2"
E.coli C-MPN,Escherichia coli : Confirmed : MPN : Wet Wt
Weth-Visibty,Weather : Visibility
Liq WRT OD,Water level above OD
Grs/Scm Strd,"Grease /Scum, Strandline : Scale 0-3"
Surfactants,Surfactants
Mg - Dry Wt,Magnesium : Dry Wt
12457-2 DW,BS EN 12457-2  one stage 10:1 leach test DW
Fluazifopbut,Fluazifop-butyl
WEATHER FLAG,Weather : Unusual Condition Flag : Scale 0-5
Se Std Leach,"Selenium, Leachable"
ConTampWtrE,"Contraceptives/Tampon applicators, Waters edge : Scale 0-3"
HEX,Hexachlorocyclopentadiene
E.coli C-MPN,Escherichia coli : Confirmed : MPN
FONOFOS,Fonofos
14NBenzene,"1,4-Dinitrobenzene"
Endrin,Endrin
4:2 FTSA,4:2 Fluorotelomer sulfonic acid
Hg Std Leach,"Mercury, Leachable"
NO3 DW,Nitrate : Dry Wt as N
PClBenzene,Pentachlorobenzene
V - Dry Wt,Vanadium : Dry Wt
CN Free UDWt,Cyanide : Free uncomplexed : Dry Wt as CN
2NOPHENOL,2-Nitrophenol
Selenium -Se,Selenium
DDT Derived,DDT : Sum of components
"1,3 -DICHLOR","cis-1,3-Dichloropropylene :- {cis-1,3-Dichloropropene}"
Antimony -Sb,Antimony
C>20-44 Ali,"Equiv.Carbon No >20-44, Aliphatic Fraction"
Propan13Diol,"Trimethylene glycol :- {Propan-1,3-diol}"
PFMOBA,Perfluoro(4-methoxybutanoic) acid
Metalaxyl,Metalaxyl
HCH Delta,HCH -delta
StrepF PMF,Streptococci : Faecal : Presumptive : MF
Tot Coli PMF,"Coliforms, Total : Presumptive : MF"
PFTrDS,Perfluorotridecane sulfonic acid
C>16-35 Alip,"Equiv.Carbon No >16-35, Aliphatic Fraction"
NGR Northing,NGR : Northing
HCH Epsilon,HCH -epsilon
2Chlortoluen,2-Chlorotoluene :- {1-Chloro-2-methylbenzene}
Mn- Filtered,"Manganese, Dissolved"
Cond @ 25C,Conductivity at 25 C
Aminobenzene,Aniline :- {Aminobenzene}
Terbutryne,Terbutryn
Methiocarb,Methiocarb
Asulam,Asulam
GSF 250-499,Grain Size Fraction : 250 to 499 microns
PirimiphsMyl,Pirimiphos-methyl
PCB 52 DW,PCB - 052 : Dry Wt
Odour - DF,Odour : Dilution factor
Cr Hex Filt,"Chromium Hexavalent, Dissolved :- {Cr VI}"
C>16-24,Equiv.Carbon No >16-24
12Propandiol,"Propylene Glycol :- {1,2-Propandiol}"
Obs Flow ROC,Flow : Rate of change
TriPT Cation,Triphenyl Tin as Cation
ANC pH4 DW,Acid Neutralisation Capacity (pH 4) : Dry Wt
N Organic,"Nitrogen, Organic as N"
B - Filtered,"Boron, Dissolved"
AmoniaTotYSI,Ammoniacal Nitrogen : Grant YSI 55 : In Situ
HCHAlpha DWt,HCH -alpha : Dry Wt
Psud-a  C-MF,Pseudomonas aeruginosa : Confirmed : MF
24DiNitTol,"2,4-Dinitrotoluene :- {2,4-DNT}"
AnthracenDWt,Anthracene : Dry Wt
WQMSmonVt+ve,"WQMS : Batttery voltage, positive"
OptDens@440F,"Optical Density at 440 nm, Filtered"
PFhexncAcid,Perfluorohexanoic acid
GSF <3.9,Grain Size Fraction : < 3.9 microns
HEXACHLORO 1,Hexachlorobutadiene
2Cl5NToluene,2-Chloro-5-nitrotoluene
C>5-10 DW,Equiv.carbo No >5-10 : Dry Wt
Num Bathers,Number of bathers
PCB 153 DW,PCB - 153 : Dry Wt
C>10-35,Equiv.Carbon No >10-35
Dibenzfuran,Dibenzofuran
DPT Cation,Diphenyl Tin as Cation
WethPresTemp,Weather : Temperature
Chromium -Cr,Chromium
4-nonPhenol,4-Nonylphenol Branched
OdourPhenolc,Odour : Phenolic
OptDens@430F,"Optical Density at 430 nm, Filtered"
OptDens@550F,"Optical Density at 550 nm, Filtered"
Pentachlrphl,Pentachlorophenol
Malathion,Malathion
MarinAlgStrd,"Marine algae, Strandline"
MBT Cation,Monobutyl Tin as Cation
Colfm PMF10,"Coliforms, Total : Presumptive : MF : Analysis in 10 Hours"
PFtetdncAcid,Perfluorotetradecanoic acid
Triclosan,Triclosan
OptDens@580F,"Optical Density at 580 nm, Filtered"
C>10-C40 DW,Equiv Carbon No >C10 to C40 : Dry Wt
Sld NV@500C,"Solids, non-volatile at 500 C"
Carbazole,Carbazole
Se - Dry Wt,Selenium : Dry Wt
Sheep Mito,Mitochondrial Marker : Sheep
Lasting foam,Lasting foam
Paclobutrazl,Paclobutrazole
Report,Sample Analysis : Text Report
E.coli Conf,Escherichia coli : Confirmed : MF : Wet Wt
Foam Visible,Foam Visible
PFODA,Perfluorooctadecanoic acid
Iron - as Fe,Iron
OrthophsFilt,"Orthophosphate, Filtered as P"
C>10-25 Ali,"Equiv.Carbon No >10-25, Aliphatic Fraction"
"1,1,1-TCA","1,1,1-Trichloroethane"
OptDens@690F,"Optical Density at 690 nm, Filtered"
Cyanide DWt,Cyanide : Total : Dry Wt as CN
12Dibromethn,"1,2-Dibromoethane"
"2,3,5,6-Tetr","2,3,5,6-Tetrachloroaniline"
HCH Beta DWt,HCH -beta : Dry Wt
"1,3 -DICHLOR","1,3-Dichloropropane"
N Oxid Filt,"Nitrogen, Total Oxidised, Filtered as N"
AcenapthyDW,Acenaphthylene : Dry Wt
PCB Con 169,PCB - 169
Methabnzthzn,Methabenzthiazuron
SALinsitu,Salinity : In Situ
A.F.@S>W,"Animal faeces, Strandline to waters edge"
SecButylbenz,sec-Butylbenzene :- {1-Methylpropylbenzene}
"Ethan1,2diol","Ethylene glycol :- {Ethan-1,2-diol}"
DEMETON-S,Demeton-S
GSF7.8-15.59,Grain Size Fraction : 7.8 to 15.59 microns
OptDens@410F,"Optical Density at 410 nm, Filtered"
Acetone,Acetone :- {Propanone}
Dibromomethn,Dibromomethane
B-[a]-pyrDWt,Benzo(a)Pyrene : Dry Wt
O+T@S>W,"Oil and Tar, Strandline to waters edge"
NH3 Leach,"Ammoniacal Nitrogen, Leachable as N"
DDT (PP')DWt,DDT -pp : Dry Wt
Alky pH 4.5,Alkalinity to pH 4.5 as CaCO3
26DiNitTol,"2,6-Dinitrotoluene :- {2,6-DNT}"
SewageDebris,Sewage debris
Chloroform,Chloroform :- {Trichloromethane}
Diflurobnzrn,Diflurobenzuron
Cadmium - Cd,Cadmium
Bentazone,Bentazone
HcarbonOils,Hydrocarbon Oils
Neburon,Neburon
MR Screen,GCMS Screen : Target Based multi-residue screening : Semi Quantitative
BOD5DyATUFil,"BOD : 5 Day ATU, Filtered"
CN Tot Lch,"Cyanide : Total, Leachable as CN"
HFPO-TA,Hexafluoropropylene oxide trimer acid
C>10-12,Equiv.Carbon No >10-12
PFOS (T),Perfluorooctanesulfonic acid (total)
ColfmF Conf,"Coliforms, Faecal : Confirmed"
Lithium - Li,Lithium
Canine Mito,Mitochondrial Marker : Canine
BWP - A.F.,Bathing Water Profile : Animal Faeces
BROMO-DCM,Bromodichloromethane
SI-KEY,Suite Indicator : KEY
OMR Smpl Num,Laboratory Sample Number : Nottingham OMR
"2,3,4,6 -TCP","2,3,4,6-Tetrachlorophenol"
C>21-35Ali,"Equiv.Carbon No >21-35, Aliphatic Fraction"
WeatherAbnml,Weather : Abnormal
K- Filtered,"Potassium, Dissolved"
DELTAMETHRIN,Deltamethrin
Demeton Stot,"Demetons : Sum of (-S Me Sox, -S Me, -S Me Sone)"
GS Median,Grain Size Median
PBDE 154,"2,2,4,4,5,6-Hexabromodiphenyl ether :- {PBDE 154}"
6:2 FTSA,6:2 Fluorotelomer sulfonic acid
C10-24,Equiv.Carbon No >10-24
Flumethrin,Flumethrin
CattleMitoCN,Mitochondrial Marker : Cattle copy number
GS Kurtosis,Grain Size Kurtosis
Dieldrin DWt,Dieldrin : Dry Wt
Colfm P-MPN,Coliforms : Presumptive : MPN
Weth7Dy-Vsy,Weather : Visibility : Past 7 days
TON Lch DW,"Nitrogen, Total Oxidised, Leachable : Dry Wt as N"
Mo Diss,"Molybdenum, Dissolved"
PCSDs,PCSDs :- {chlorphenylid}
Imazapyr,Imazapyr
GS Mean,Grain Size Inclusive Mean
WethYdy Temp,Weather : Temperature : Previous 24 hours
C>24-40 Aro,"Equiv.Carbon No >24-40, Aromatic Fraction"
NH3 Lch DW,"Ammoniacal Nitrogen, Leachable : Dry Wt as N"
"2,2' Oxybise","Diethylene glycol :- {2,2-Oxybisethanol}"
Quinoxyfen,Quinoxyfen
ColfmF Conf,"Coliforms, Faecal : Confirmed : MPN : Wet Wt"
PBDE 138,"2,2,3,4,4,5-Hexabromodiphenyl ether :- {PBDE 138}"
Liqcolour-mn,Appearance of liquid : Main Colour
MarinAlgWtrE,"Marine algae, Waters edge"
Sodium - Na,Sodium
NH3 filt N,"Ammoniacal Nitrogen, Filtered as N"
PCBs,PCB : Total
ETBE,Ethyl tert-butyl ether :- {ETBE}
T.D.L.@S.,"Terrestrial derived litter, Strandline"
ColfmF Conf,"Coliforms, Faecal : Confirmed : MF : Wet Wt"
3+4NAniline,3 + 4 Nitroaniline
Cols 2Dy@37C,Colony count : 2 Days at 37C : Aerobic
Propiconazol,Propiconazole
OptDens@680F,"Optical Density at 680 nm, Filtered"
BactRumnt CN,Bacteroidetes Marker : Ruminant copy number
Ag - Dry Wt,Silver : Dry Wt
Mo Leach24,"Molybdenum, Leachable"
Beryllium-Be,Beryllium
Sulphate DWt,Sulphate : Dry Wt
WCCrDNA Copy,White-clawed crayfish (Austropotamobius pallipes) DNA copy number
Phenol,Phenol
Sld V @400C,"Solids, Volatile at 400 C"
Cu Std Leach,"Copper, Leachable"
Bupirimate,Bupirimate
"Oil,Grse,Fat","Oils, Grease and Fats"
Human Mito,Mitochondrial Marker : Human
Ind123pyrDWt,"Indeno(1,2,3-cd)pyrene : Dry Wt"
Transparency,Transparency
HCHGamma DWt,HCH -gamma : Dry Wt :- {Lindane}
Sld Sus@105C,"Solids, Suspended at 105 C"
Liqcolour-st,Appearance of liquid : Colour Strength
1122TetClEth,"1,1,2,2-Tetrachloroethane"
Colour Filt,"Colour, Filtered"
Flow l/s,"Flow, instantaneous"
Mg Filtered,"Magnesium, Dissolved"
PFdodencAcid,Perfluorododecanoic acid
Aldrin DWt,Aldrin : Dry Wt
Diclobutrazl,Diclobutrazol
Cu - Dry Wt,Copper : Dry Wt
SO4 Leach,"Sulphate, Leachable"
T-HTEP DRY,trans-Heptachlor epoxide : Dry Wt
BrClMethan,Bromochloromethane
GraphSkewn,Inclusive Graphic Skewness :- {SKI}
Tars/Floatg,Floating material : Tars
C>10-35 Ali,"Equiv.Carbon No >10-35, Aliphatic Fraction"
N Filtered,"Nitrogen, Total, Filtered"
GF15.6-31.99,Grain Size Fraction : 15.6 to 31.99 microns
OptDens@420F,"Optical Density at 420 nm, Filtered"
CHCl3 Extrac,Substances Extractable by Chloroform
Metoxuron,Metoxuron
Oxygen Diss,"Oxygen, Dissolved as O2"
ODOUR 3xDF,Odour : 3x Dilution Factor
Magnesium-Mg,Magnesium
Glyphosate,Glyphosate
E.coli Pres,Escherichia coli : Presumptive : MF
Isodrin DWt,Isodrin : Dry Wt
Cypermethrin,Cypermethrin
Desmetryne,Desmetryn
Cu BLM Bio,Copper : BLM Bioavailable
C>35-44 Arom,"Equiv.Carbon No >35-44, Aromatic Fraction"
Endosulphan,Endosulfan : Total (A + B)
RainfallCode,Weather : Rainfall : Coded
IonicBal Dis,Ionic Balance: Dissolved
Sb Leach24,"Antimony, Leachable"
Action taken,Action Taken
Fluoride - F,Fluoride
PermthrnTrWW,trans-Permethrin : Wet Wt
Cyclohenanon,Cyclohexanone
Fluoranthene,Fluoranthene
PhenoxytcAcd,Phenoxyacetic acid :- {PAA}
Dry Matter %,Dry Matter : %
Phosphorus-P,"Phosphorus, Total as P"
Colfm PMF,"Coliforms, Total : Presumptive : MF : Wet Wt"
Mecoprop,Mecoprop
Silver - Ag,Silver
b2ClEtOxMeth,Bis(2-chloroethoxy)methane
Propachlor,Propachlor
C Organic DW,"Carbon, Organic : Dry Wt as C"
Na:Cl Ratio,Sodium : Chloride ratio
E.coli PMF10,Escherichia coli : Presumptive : MF : Analysis in 10 Hours
Cond 20C lea,"Conductivity at 20 C, Leachable"
Transpy Qual,Transparency : Qualitative 1=Yes : 0=No
BenzButPhtha,Benzyl butyl phthalate
WEATHER COND,Weather condition applied
SI-EC-SW2,Suite Indicator : EC-SW2
Hardness,"Hardness, Total as CaCO3"
Fluoride DWt,Fluoride : Dry Wt
Ethiofencarb,Ethiofencarb
C>20-30 Aro,"Equiv.Carbon No >20-30, Aromatic Fraction"
NGR Easting,NGR : Easting
Vinyl Cl,Vinyl chloride :- {Chloroethylene}
EtFOSA,N-Ethylperfluorooctanesulfonamide
ConTampBtwn,"Contraceptives/Tampon applicators, Strandline to water : Scale 0-3"
B-[k]-fluora,Benzo(k)Fluoranthene
UnsightlyMat,Unsightly matter
UV Transmiss,UV Transmissivity
GCMS Semi-Q,GCMS Scan : Organic : Semi quantitative
PCB 180 DW,PCB - 180 : Dry Wt
Nitrate-N,Nitrate as N
C>30-40,Equiv.Carbon No >30-40
Irgarol 1051,Irgarol 1051
PCB Con 153,PCB - 153
DPhAmine,Diphenylamine
SI-BT,Suite Indicator : BT
Aminomethylp,Aminomethylphosphonic acid
Cd LeachDW,"Cadmium, Leachable"
FaecalStrep,Streptococci : Faecal
SO4 Lch DW,"Sulphate, Leachable : Dry Wt as SO4"
PFBA,Perfluorobutanoic acid
PO4dw,Phosphate : Dry Wt
BWP - Ma,Bathing Water Profile : Macroalgae
4Phenoxbutyr,4-Phenoxybutyric acid :- {PBA}
Legionella-p,Legionella pneumophila
TDS Leach DW,"Solids, Total Dissolved, Leachable : Dry Wt"
PCB 156 DW,PCB - 156 : Dry Wt
WethPresPrec,Weather : Precipitation
SiO2,Silica as SiO2
SanTowlsStrd,"Sanitary towels, Strandline : Scale 0-3"
OptDens@500F,"Optical Density at 500 nm, Filtered"
OdorThresNum,Odour : Threshold Number at 25 C
c12DClEthe,"cis-1,2-Dichloroethylene :- {cis-1,2-Dichloroethene}"
Salinty Cond,"Salinity, by Conductivity"
B-[b]-fluDWt,Benzo(b)Fluoranthene : Dry Wt
Dry Method,Drying Method
Na - Dry Wt,Sodium : Dry Wt
Isophorone,Isophorone
PFDoS,Perfluorododecane sulfonic acid
Flutriafol,Flutriafol
Benzene DW,Benzene : Dry Wt
Oil PRES/NF,Oil
PFHxSA,Perfluorohexanesulfonamide
StrontumFilt,"Strontium, Filtered"
Napropamide,Napropamide
MTBE,MTBE :- {Methyl tert-butyl ether}
GCMS Vol Scn,GCMS Screen : Volatile Screen : Semi Quantitative
Sb - Dry Wt,Antimony : Dry Wt
C>16-21Ali,"Equiv.Carbon No >16-21, Aliphatic Fraction"
CHLORIDE GFC,"Chloride, GF/C Filtered"
SigCrDNAP:NF,Signal crayfish (Pacifasticus leniusculus) DNA: Present/Not found
Vis Polluton,State of visible pollution Scale 0-3
FBSA,Perfluorobutylsulfonamide (perfluorobutane sulfonamide)
Hg Filtered,"Mercury, Dissolved"
WCCrDNA P:NF,White-clawed crayfish (Austropotamobius pallipes) DNA: Present/NF
"2,6-Xylenol","2,6-Dimethylphenol :- {2,6-Xylenol}"
Chlordbrmthn,Chlorodibromomethane
Se LeachDW,"Selenium, Leachable : Dry Wt"
4Cl3MePhenol,4-Chloro-3-methylphenol :- {p-Chloro-m-cresol}
Thallium -Tl,Thallium : Total
Ni BLM Bio,Nickel : BLM Bioavailable
PFEESA,Perfluoro(2-ethoxyethane)sulfonic acid
SALIN CALC,Salinity : Calculated from Chloride
F+Coliphage,Phage : F+ Coliphage
Phorate,Phorate
Mercury - Hg,Mercury
Benzene,Benzene
